{
  "2021-06-S1": {
    "secA1": 135,
    "secA2": 155,
    "secA3": 245,
    "secB1": 266,
    "secB2": 374,
    "secC1": 395,
    "secC2": 415,
    "secC3": 559,
    "duration": 1382.816508
  },
  "2021-06-S2": {
    "secA1": 39,
    "secA2": 140,
    "secA3": 160,
    "secB1": 258,
    "secB2": 281,
    "secC1": 391,
    "secC2": 410,
    "secC3": 430,
    "duration": 1424.843175
  },
  "2021-12-S1": {
    "secA1": 150,
    "secA2": 172,
    "secA3": 262,
    "secB1": 283,
    "secB2": 376,
    "secC1": 396,
    "secC2": 416,
    "secC3": 587,
    "duration": 1416.221083
  },
  "2021-12-S2": {
    "secA1": 125,
    "secA2": 145,
    "secA3": 245,
    "secB1": 264,
    "secB2": 364,
    "secC1": 384,
    "secC2": 408,
    "secC3": 571,
    "duration": 1416.9785
  },
  "2022-06-S1": {
    "secA1": 39,
    "secA2": 161,
    "secA3": 178,
    "secB1": 247,
    "secB2": 273,
    "secC1": 293,
    "secC2": 410,
    "secC3": 430,
    "duration": 1549.885533
  },
  "2022-09-S1": {
    "secA1": 152,
    "secA2": 171,
    "secA3": 263,
    "secB1": 282,
    "secB2": 397,
    "secC1": 418,
    "secC2": 439,
    "secC3": 612,
    "duration": 1497.339002
  },
  "2022-12-S1": {
    "secA1": 188,
    "secA2": 208,
    "secA3": 316,
    "secB1": 337,
    "secB2": 441,
    "secC1": 462,
    "secC2": 483,
    "secC3": 637,
    "duration": 1434.807438
  },
  "2022-12-S2": {
    "secA1": 129,
    "secA2": 149,
    "secA3": 257,
    "secB1": 277,
    "secB2": 381,
    "secC1": 403,
    "secC2": 424,
    "secC3": 577,
    "duration": 2735.445333
  },
  "2023-03-S1": {
    "secA1": 135,
    "secA2": 156,
    "secA3": 264,
    "secB1": 284,
    "secB2": 398,
    "secC1": 418,
    "secC2": 438,
    "secC3": 580,
    "duration": 1389.035011
  },
  "2023-06-S1": {
    "secA1": 122,
    "secA2": 143,
    "secA3": 266,
    "secB1": 285,
    "secB2": 395,
    "secC1": 415,
    "secC2": 435,
    "secC3": 589,
    "duration": 1432.137007
  },
  "2023-06-S2": {
    "secA1": 113,
    "secA2": 132,
    "secA3": 231,
    "secB1": 251,
    "secB2": 353,
    "secC1": 375,
    "secC2": 396,
    "secC3": 570,
    "duration": 1426.572993
  },
  "2023-12-S1": {
    "secA1": 212,
    "secA2": 233,
    "secA3": 321,
    "secB1": 343,
    "secB2": 433,
    "secC1": 453,
    "secC2": 474,
    "secC3": 618,
    "duration": 1485.88325
  },
  "2023-12-S2": {
    "secA1": 189,
    "secA2": 210,
    "secA3": 306,
    "secB1": 327,
    "secB2": 434,
    "secC1": 454,
    "secC2": 474,
    "secC3": 618,
    "duration": 1493.7632
  },
  "2024-06-S1": {
    "secA1": 105,
    "secA2": 204,
    "secA3": 225,
    "secB1": 336,
    "secB2": 360,
    "secC1": 452,
    "secC2": 470,
    "secC3": 491,
    "duration": 1438.450875
  },
  "2024-06-S2": {
    "secA1": 98,
    "secA2": 126,
    "secA3": 149,
    "secB1": 245,
    "secB2": 265,
    "secC1": 367,
    "secC2": 387,
    "secC3": 411,
    "duration": 1401.782875
  },
  "2024-12-S1": {
    "secA1": 129,
    "secA2": 150,
    "secA3": 260,
    "secB1": 280,
    "secB2": 388,
    "secC1": 409,
    "secC2": 429,
    "secC3": 572,
    "duration": 1442.389333
  },
  "2024-12-S2": {
    "secA1": 147,
    "secA2": 167,
    "secA3": 265,
    "secB1": 286,
    "secB2": 375,
    "secC1": 396,
    "secC2": 416,
    "secC3": 568,
    "duration": 1423.29034
  },
  "2025-06-S1": {
    "secA1": 118,
    "secA2": 142,
    "secA3": 161,
    "secB1": 252,
    "secB2": 271,
    "secC1": 391,
    "secC2": 411,
    "secC3": 432,
    "duration": 1416.6465
  },
  "2025-06-S2": {
    "secA1": 149,
    "secA2": 169,
    "secA3": 263,
    "secB1": 285,
    "secB2": 391,
    "secC1": 414,
    "secC2": 433,
    "secC3": 588,
    "duration": 1426.337875
  },
  "2025-12-S1": {
    "secA1": 123,
    "secA2": 143,
    "secA3": 206,
    "secB1": 231,
    "secB2": 251,
    "secC1": 353,
    "secC2": 374,
    "secC3": 395,
    "duration": 1377.466167
  },
  "2025-12-S2": {
    "secA1": 159,
    "secA2": 183,
    "secA3": 274,
    "secB1": 295,
    "secB2": 404,
    "secC1": 424,
    "secC2": 447,
    "secC3": 606,
    "duration": 1423.307755
  }
}